wwr,shading_depth_m,orientation,glazing_u_w_m2k,climate_zone,daylit_area,glare_probability,cooling_kwh_m2,heating_kwh_m2,eui_kwh_m2,occupancy_density_p_per_100m2,satisfaction_0_5,noise_db
0.7030714315613761,0.9328858058894131,N,2.5260702392679963,subtropical,0.6241716506138197,0.09010096510973936,100.45932478041544,7.540125373242393,148.51537405971615,31.458829664794884,3.4072012685545836,46.998592207558595
0.485270985838834,1.1661917112731608,E,2.7955251961026737,subtropical,0.3287367368225513,0.0,82.16922909389137,3.5385343723530527,127.28542481462938,10.49436567168884,3.6329944076390746,40.63057845794585
0.7580886479423985,0.6008894234428107,S,2.857902955131345,subtropical,0.7945249543347075,0.20701967577851105,180.77561422232387,3.310939109664096,213.00239112751785,42.468394085897756,3.056852010792007,54.35545730136822
0.6532892188885865,0.17267700306150094,W,2.1065392653295785,temperate,0.771628911049416,0.3763515591214638,171.67305203490744,12.147698825410318,228.893038116059,19.26009972374416,2.9142091990193553,44.5293950987867
0.2612152761269722,0.01672354524984185,S,2.1364952065330245,subtropical,0.5220948754607716,0.20840608761643828,158.20353913013975,1.698761973062427,203.2994225857365,11.384607293656714,3.703853799292157,38.91101808979929
0.8341545285638913,0.2755872359986263,W,2.6397667393749056,subtropical,0.8264393530858458,0.38116429642850513,229.57138810067144,0.0,288.6746157201202,13.788730451619996,2.8513333348912737,34.976481147286556
0.6947408062937294,0.15818666134382522,S,1.7660112451395622,temperate,0.8807112703434643,0.28535602585914804,175.65420983758492,7.985523471797388,230.1522048697631,18.40871318978746,3.1931052004931715,40.99704152935053
0.7109417984300199,0.813190408335429,N,2.7072882522211232,temperate,0.6912326295433643,0.05151162817792558,83.31397879425928,24.582393669423134,131.6866746538597,19.586715901211583,3.8638288425672997,44.0837908049015
0.2832738612391048,0.14619900555423734,E,2.089454963731362,subtropical,0.4855832701597006,0.026783102325142666,134.50587011755331,6.244895017060049,175.56780281940934,11.148349982420504,3.416427938094889,36.18799823531677
0.4927508596321186,0.6075959179447595,W,1.408542103803483,subtropical,0.401613131141458,0.0,132.21480526118756,9.285571001675825,189.2947573930988,19.77741842678052,3.541321084023267,44.80479156107694
0.4410187157511778,0.8331149227714637,N,1.3297064647312986,temperate,0.48440917023416474,0.05101211995295107,100.83133473431761,2.8561352510254787,160.42082401310893,16.752960777271873,3.876029601741864,44.426364202710666
0.8023972427515911,0.6973399310650829,W,2.7155877798710337,subtropical,0.8072505456430772,0.42682966756047186,157.13792855323624,7.908634807665491,193.29152254042543,23.25173246020815,3.021571252634902,44.68129391297079
0.618512328052432,0.23973078199206913,S,1.3000222504323802,temperate,0.7146741137338863,0.3822888613088413,190.4987788434513,4.931568947258267,243.34615900216127,23.48087080745892,2.927201257771834,35.201008724046375
0.7347950486260394,0.9649494314187153,E,1.7051005850405807,temperate,0.6011352070198401,0.0,123.97229037096876,9.417665250329001,193.9621257654042,21.865270921100766,2.7979172690566108,39.91184328030489
0.48821922923776523,0.858488555538962,W,1.8014340729027825,temperate,0.3188727596528049,0.11896238314357833,87.28170960042806,12.51786037581741,146.97781133176437,21.47733592357464,3.7063273213967722,49.2495018450981
0.34770516916010497,0.8867808046986501,W,1.511390001344869,subtropical,0.22052856037733465,0.08897210962234724,79.8692884854269,1.2596684538641023,128.26067111401824,13.140594720943794,4.0107035252641525,38.616624509292386
0.5604801115602925,0.15726930186877588,N,1.7650080656435805,subtropical,0.7063629370416207,0.22453847233843502,156.7510905306556,1.9377041146881746,194.37117900715572,10.882173149415676,3.313647380122516,33.400439590379285
0.24148121646771398,0.1485045643804135,N,2.536846620105154,subtropical,0.56363016227021,0.09637909419512261,127.09670549814172,2.002378413740816,181.48179585504084,17.07400050547633,4.1546428132342506,45.53534236712135
0.7379602617951783,1.113075061207809,S,1.2264291184081273,subtropical,0.5234276929219291,0.0,115.93341039785818,0.0,161.43577938417295,36.48272995958153,3.4141369240771566,49.63315875846364
0.6105818594293421,0.47709383258992877,W,2.6889121641372355,temperate,0.7337579248262334,0.26403076634729084,144.45888385971958,19.013894690355052,212.00061935126158,44.678341794289274,3.3355324089986853,56.186158184588884
0.6927570310554929,0.3611384301371277,N,2.7417864424342047,subtropical,0.7540175811730225,0.1875900596846054,130.85539915491051,5.61748617895551,183.32438997956808,42.498416127006514,3.5419637257549605,52.830242476460704
0.4304418792844144,0.58630085442184,S,1.8700708317447867,subtropical,0.502028197176479,0.07682357871279712,105.02224416058769,0.9970484764069117,145.45583576518104,27.6476774438219,3.7486895434802885,47.43474838616527
0.8309537158566871,0.7954370553162989,N,1.4765032183091427,subtropical,0.7581437347388095,0.09349719335117786,120.47389754984118,0.0,162.52257317798544,28.6138349522277,3.749244861271916,47.534561724034624
0.7805287288594284,1.1467479084563639,S,2.2815127343011454,temperate,0.6709586160211776,0.12869508629398413,77.40963628635532,17.9666951603855,134.48180251487082,21.01035491625449,3.974120949591266,45.496606902264794
0.7059492730979452,0.343735472258466,S,1.4154106005568097,subtropical,0.7722620234402029,0.36711247256046525,200.09339487398898,3.257159019916183,250.76724652057118,37.08788035231797,3.197026071319522,56.66744348659548
0.3265151601037789,1.1097701151744326,N,1.8568548499408546,subtropical,0.07964184378215444,0.0,85.55559538650084,2.340487013954989,132.71446560075321,36.7664840776427,4.168277064159428,52.61961263893465
0.5033686524225722,0.02983138966350758,S,2.9251725256217505,subtropical,0.6320348782889966,0.17694953542052771,198.5749224723171,2.0746974938827742,243.26667767791716,39.54953251538556,3.0084352451792364,46.078795052617615
0.2284724477616987,0.6662376507921896,W,2.991836050650547,subtropical,0.2298918256928419,0.0,122.36348615074087,7.861734573312997,179.17503315937984,41.34266020189095,3.689895455400738,52.877048626593094
0.3002881698439061,0.7607701340173021,W,2.589788804438254,subtropical,0.20406500829921553,0.0,93.2215785226056,8.07611299826523,153.80121605724568,25.20222368788535,3.3464108453281898,48.50533177946379
0.6439818196075955,0.12707688450090396,N,1.7597307178573791,subtropical,0.8679236893258837,0.269539420691378,178.48386846543633,3.079104473469056,228.15587219609515,36.840644883751914,3.4749140499969866,53.344360373109204
0.6840954013400811,0.16840751647669516,N,2.4377970884989666,subtropical,0.8194817772505835,0.20164866280619165,205.06152590919055,5.940364419880101,251.36806350483755,38.22395550785575,2.7728934610078695,49.009767253965
0.8288813260822364,0.5029371831795646,N,2.469731457871223,subtropical,1.0,0.34124507489633443,147.69253081617222,6.812316051971002,195.639873283413,20.796086787421256,3.877740438936108,46.81326805053288
0.41178648278979874,1.159478294571818,E,1.8981150512945695,subtropical,0.12577326379971196,0.0,90.07360396416118,5.276339556932137,151.4727771291593,42.52347854021525,4.337406048334187,54.792618614739716
0.44079880892266476,0.7152510638812474,N,2.353599542255087,subtropical,0.4626717099687458,0.0,117.10262166223919,4.6848565700735545,158.36936162164739,13.301952592387941,3.6679187722180813,48.038333347864366
0.5052112773292751,1.1196278659202534,W,1.2193097609562171,subtropical,0.2725841546438054,0.0,85.16248007159388,2.2555916392327044,121.60872045163325,44.7994212707149,3.1232905073906245,50.66976329954043
0.3231563834047857,0.9652330987355648,W,1.5763037854840345,subtropical,0.21353705327624523,0.023870444366331955,123.19325630917115,2.76921966955598,174.05871698244968,36.95317513556043,3.2271176584140298,48.259068325022895
0.28444897846805656,0.5608579218663498,W,2.14515894534107,subtropical,0.3710173658352721,0.08642451709794399,103.7974033947506,0.0,155.05840806636823,13.264481686351454,4.052802290002913,39.38743552916072
0.5092082020468569,0.9417161391026249,N,1.4947523476649325,subtropical,0.2426570231663095,0.0,138.78621003960342,3.1411494006751157,189.86666277554505,32.96803768367502,3.520237787154261,46.71654862335368
0.3474910768830747,0.021404140772385283,N,1.4986323621777604,subtropical,0.6241966092674746,0.23422725153116372,143.51823872882872,0.0,197.10245564246364,11.196279382489106,3.4208590038852216,36.808449503704836
0.6353790965436317,0.13097279611888193,W,2.705347722990428,subtropical,0.9782333052295933,0.26729370775239375,187.7669302446767,1.1974318529047343,238.6021879128115,36.9565432305464,3.544050808992782,41.49459077519733
0.48414874726701496,0.9953143378592836,E,2.98043940483049,subtropical,0.35109879042007686,0.0,99.42657539121387,8.069617953568292,140.45981932145577,37.972802258066935,3.9565394234173477,48.88502248205737
0.7412408274375942,0.956180505990194,S,2.200744970451207,subtropical,0.6532381961417077,0.1326140897325363,98.73127619573447,5.042224926030127,145.957520530504,31.08435885820067,4.257656706236115,48.54181772237999
0.6551723163014619,0.2791688903597204,W,2.7103255155870842,temperate,0.8739397084954454,0.28900718617798976,165.18385646339908,28.406752087276768,246.93056529278056,39.990113717079964,3.3684125592568748,49.51637995031426
0.4030383168983267,0.6369235087188642,N,2.9825789957872906,subtropical,0.4266949771547318,0.06543068855501388,124.59193061988796,3.348392740091433,165.9700375555661,13.42591480752009,4.115050362317737,46.17650947359537
0.7409688709068806,0.7272189848400131,N,1.4548725994237943,subtropical,0.6658685240396692,0.1269325071752243,147.80262006893747,0.0,199.03719708313557,19.657334471428463,3.543949412103249,42.90306122671897
0.7230968323729211,1.0412867445312133,N,2.006842103857832,subtropical,0.4042778762519642,0.12610289106783207,87.73721502246053,1.3930568268904184,143.62525091130274,24.496213255743466,4.022133485236158,48.67157246784979
0.4518609463696134,0.7237285888064707,N,1.9066308885154557,subtropical,0.5046491032019851,0.07555364558384953,133.28268695830062,2.210018757604179,180.6586746239447,11.48602834898344,3.397138037440914,40.378672577783284
0.38741326755465866,0.4950858831284164,N,1.344088710563133,subtropical,0.4663384089259353,0.0,145.89549806921383,0.9595524412026082,177.94364941416603,25.687563064990815,3.3457425659965807,47.754247155676104
0.643622077583734,0.44902085208861925,W,2.55959431103054,temperate,0.6410878634832909,0.3645103433252774,184.9410451250927,25.235361790697667,254.2514596335315,19.282470963939808,3.392852474840669,43.55071304737661
0.29083911434605136,0.5110585036482118,S,1.9808022491806674,temperate,0.39301246345678753,0.0,125.43761841434568,12.647420213519005,174.6159021938545,23.745725423561353,3.614551897236178,48.60464406513523
0.3299403316088204,0.782317230695969,W,2.044788481542722,subtropical,0.2764408391598547,0.0,131.0702171642491,3.2501592266484893,176.1551424567546,24.878592119730726,3.7383315618937094,45.11925489828949
0.20478547533815358,1.04098875810279,W,1.4712113528638322,subtropical,0.07768677197911969,0.0,52.414042902002784,0.0,103.24768350673237,40.77941067206898,3.9639396001775995,52.80012639309395
0.7115008453763899,0.5446762584915597,W,1.5256679740155625,subtropical,0.7982173628554017,0.25253964938935136,164.03338586979396,2.4548545795641203,213.71490389150114,19.461933968467367,3.0871529541866987,43.88377238833708
0.6321530567848208,0.2974074755416297,N,2.832786519881187,subtropical,0.6577745417608608,0.14116705997159917,158.53904824181367,3.8581773423074024,190.9924059085446,41.28100950506952,3.4717525482118807,50.64754742764585
0.6583574961071178,0.2839948355970974,E,1.280368360153702,subtropical,0.8769087769233226,0.18939920724245196,192.70685768416507,0.0,234.73340291584816,24.908983768449723,3.718296503976192,46.17854046415392
0.7074738701642791,0.8952171362921356,W,1.6191341128986712,subtropical,0.5115855923961314,0.2526979474083625,111.22190214278602,0.592693550562651,140.60089575269333,21.47327022428951,3.8995896522280775,50.292466828308854
0.4982952540999209,0.9798825161086924,N,1.725706794566151,subtropical,0.35249073538346537,0.0,95.10693594353478,0.9714570290432522,142.2820608495563,27.587921726730112,3.1742223485279686,45.22397786440572
0.5696817773693809,0.12633369582494994,N,2.0823555763228554,temperate,0.9223325016190366,0.3657441568826359,199.66279786075685,14.342512680508687,248.86529010239914,24.62101502269939,2.9311207105327295,46.1068006876395
0.29086804878297734,0.07987062834621379,S,2.2556013114266324,subtropical,0.6240149049148986,0.13160807040339026,145.63661925902662,7.950786480798978,195.69963613460627,19.008030956930114,4.040489032036366,46.376549235380374
0.27444454779838273,0.7133203965077421,W,2.0879219565311997,subtropical,0.30514627364047,0.0,113.15982522227615,1.9892981017918803,165.98853639886417,27.593776367862343,3.480350571345884,49.458270389977784
0.6344619251638065,0.17540789303123794,W,1.3514076022023875,temperate,0.7343805528463954,0.29968248514650697,182.18598544008995,4.188018100301412,231.65313078007455,15.313060657759095,2.447458003757723,41.160373516261735
0.5062125339930361,0.9895970285476096,W,1.6386014173002843,subtropical,0.3668905360660777,0.0,101.86574879089946,0.0,138.80627975770133,22.317548005803815,4.472251193475927,36.77685309344944
0.5674034692127727,0.37240160870888933,N,2.7184590925725742,subtropical,0.68618458441024,0.2696494415230405,157.58936297287448,0.9261420384639738,186.6115227342002,29.80265767809317,3.6689013381408913,48.47117152718267
0.6972492573204165,0.17264631956537116,W,2.3476596608612263,subtropical,0.870099978327663,0.4402874204376448,225.9617393950419,2.0408650144395173,272.9718338732097,24.46928855364505,2.7055796211200893,38.12929264558886
0.6125669080003839,1.1051645669849401,W,2.368468290241694,temperate,0.45723294438553946,0.0,110.48101061408978,17.100998034853784,167.29501277758587,38.836932636777874,3.505983456781913,54.94458474753485
0.5598266104276972,0.1986380672823338,S,2.406365859632439,subtropical,0.7318540247093759,0.2160258460689866,227.84395139100886,7.098491085361513,290.4357962417472,18.985261653730817,3.043231128070465,43.10252627507211
0.5634846544845188,0.3416640988055227,W,2.5732254342711522,subtropical,0.6704037456777248,0.1883624773372864,178.67753990223892,2.808960085780764,229.49377996447663,43.94200525908535,2.9447440834755545,55.575824163250104
0.3975675637406979,0.18433607423047035,W,1.3045952670986052,subtropical,0.4779348825347625,0.3168421352649924,168.34238771403557,4.504982808861828,218.20262209072717,37.4652707297973,3.421240206690142,47.279774877375765
0.22003159246916063,0.13858807639842596,E,1.8598950928787024,subtropical,0.40820174710992885,0.0,102.10086740089152,1.990893597196379,168.6238803911905,43.86575590991153,3.785698355139923,47.88877994406445
0.4838663030010355,0.02537761960372804,N,2.171149383471022,subtropical,0.7997674301585749,0.38685150914425226,172.19764975958114,2.5710972145538755,206.58631380848044,39.334779419060645,3.3420125651468973,51.51617492004776
0.339480037332694,0.06647449099711213,E,1.8092216699351868,subtropical,0.47279921794634594,0.16410809407249308,167.47357875544586,1.4329761637263894,220.6860589138764,14.973637404807493,3.15424557547351,40.88864464205457
0.4655436184210135,0.20956976512302322,N,2.7200619719169357,subtropical,0.6304753978627118,0.10022330808424347,171.6670339223121,3.623518895889942,219.28199608095954,28.42610317222548,3.192634141561018,44.895818790418694
0.754711997624308,0.06405831915261047,N,2.068630515457129,subtropical,0.8912400718567959,0.34169216822684406,225.26492968792374,7.40050909160955,275.6988040225176,15.9492482418525,3.155943135248389,41.63368313893929
0.3520606658124715,0.7093725793331654,N,2.5835296610268825,temperate,0.3774822308164653,0.0,120.18056022033457,15.210583074122699,186.5535089552322,38.63795734195401,3.13119127561238,58.757490612878385
0.23789678209789292,0.8168574321594076,S,2.7336279303861044,subtropical,0.19711634814696552,0.0,108.05091838307385,0.0,150.36794642082836,30.445675221415357,3.0476524431309793,49.681846730673314
0.38289952981429776,0.47235654819843387,S,2.1086246692262964,temperate,0.5974762781613896,0.07647392571676367,151.53552336845271,13.891232875999808,205.3443469902637,19.220726002491702,3.5772532859853556,45.83678621858663
0.39083594254834436,0.3815893163424593,S,2.83719403896843,subtropical,0.5587227399088696,0.00224972944350417,152.64652371485235,3.9016911276464095,203.4250068118805,42.535964020250994,3.627192193663327,54.54619628276046
0.6302457345724818,0.605431484426676,S,2.256823092966565,subtropical,0.5503758883037201,0.0,152.60179742417841,4.709641769521824,211.6575083494363,14.031511865999123,3.5050498695658603,45.05099117795623
0.5620708990218309,1.0500059306815301,S,2.7304937379006993,temperate,0.4920599743102083,0.0,101.15371359468705,25.646173924692214,187.7932896634814,29.73518412149599,3.6355945966445873,46.32385862989616
0.7095338359191687,1.0213579521866472,S,1.8130634320647436,temperate,0.5191330205609603,0.0,49.96441938363901,10.230150310264701,94.81926014748747,35.23641941333539,4.140736598738535,42.93028384230827
0.6318038012128019,0.05217007441535033,N,2.097870525356673,subtropical,0.8042041853359465,0.27166819889703436,206.55048942641213,5.3626591829743,252.12539814415885,12.059698806635112,3.250970533355307,39.258121123636016
0.46415145993604584,0.21779809151582888,W,2.15653987380824,temperate,0.666612503520471,0.16721564442180809,88.92364399055165,19.28214444277355,145.2248853075053,30.924961162217127,3.8051721241928855,49.80519159487636
0.7291132500329225,0.2840938453252752,E,1.388963488612927,subtropical,0.8174292855873733,0.24608684815845971,171.4075327460441,1.3689968199018432,228.59227127757714,38.556542541208294,3.0189688611355727,47.5132158311381
0.30853239794000753,0.29926509099865417,N,1.9173945120627731,subtropical,0.5443648416023142,0.2399903396946202,133.98630854504358,4.814501192792347,176.68065018383405,12.363456004631868,3.336018506415092,39.41628455038476
0.21476284753700933,0.6854791820913272,W,2.8512078105930168,temperate,0.1914080441302723,0.0,106.67608336657972,26.73484513859862,179.29311929422278,27.928503988731947,4.087723766695922,44.09609236648584
0.25853110950416713,0.4995149108438307,S,2.3354980326565364,subtropical,0.3083320555511006,0.011967317693769308,97.25760561126415,1.1200967882300754,146.50550467820875,19.049501235205902,3.097336444803451,47.125888249611755
0.6695335778876926,0.05910494391311278,N,1.5195118483865415,temperate,0.8293838182454853,0.20840012095691354,174.31458697887584,9.366616394411595,218.12268427232823,33.20235580379223,3.4816945686023555,50.52931336773658
0.5002201996634018,0.4483369661514859,N,1.8099401440972889,subtropical,0.5480291416756384,0.08830296927847152,166.70924821881923,2.0327136703403395,203.11110066493444,14.153707847759572,2.754427951522677,42.616105001035706
0.30482665637184114,0.6285035384611647,N,1.5448854173928597,temperate,0.4423030767170744,0.0,95.72003924045768,7.6324153837634965,148.16703996775215,42.79680007346774,3.742163857875187,53.98352396875001
0.5256791038171863,0.12200628348445916,E,1.2446816372374305,subtropical,0.7807126977047313,0.17055930902107425,224.26367360663576,4.932692154767327,264.16966364029724,41.31550036001561,2.783909173381743,51.414452386349865
0.29900286676355947,1.0001502645462717,N,2.869428825307248,subtropical,0.3558455038169743,0.0,89.82512387355538,0.0,131.88003450677516,16.50910469564982,3.1287071223980263,42.19631072584244
0.6526082438005284,0.0623542397581251,S,2.0067731908623685,subtropical,1.0,0.24401253529077072,243.875119033544,0.0,301.04768248992775,21.31430595277866,2.8569729220288558,39.97016863951451
0.4900015791231199,1.1098102428216745,S,1.753563130357415,subtropical,0.27011047366863467,0.0,118.42112269784317,0.0,168.81569152378086,30.567224112856508,3.3785274302436656,40.6675637088909
0.4476637969627136,0.11893576989585058,W,2.277258944803926,subtropical,0.6669034279890775,0.21365022616269264,175.5195018082133,1.592461841381828,219.32757738860755,35.132181782198764,2.461244059474266,49.50311610391458
0.3959828579461197,1.0122899419173033,S,1.213166021327428,subtropical,0.20798706714897702,0.0,77.62904269089812,0.0,119.5691648086243,25.492960530609036,4.162087753591381,46.169154981060046
0.6096836855272775,1.0831837727131404,S,1.7004397918814649,subtropical,0.4073925223050894,0.0,93.04065573563287,0.0,130.00262070990584,15.470196268634128,4.406666709999934,44.815872212729786
0.43517819685970377,1.1754848167039111,S,2.4654602382580064,subtropical,0.22983409050691095,0.0,81.60827652808395,0.12199240340933404,132.02243982144736,13.645302283100506,4.303264455536368,45.1721283614873
0.25697244755546567,0.9624310563283123,N,2.340785591524673,subtropical,0.10985194315394789,0.0,65.50768129192105,0.23312470663110307,101.2197292893366,44.99178679200204,4.081788085805691,57.70671017179766
0.27670383637833496,0.9353730489255947,N,2.967250705576564,temperate,0.1375019037846702,0.0,85.66458949900262,34.91378215429957,154.6645354421307,25.937324250522053,3.5613052072357467,42.38085892032719
0.8252334819571844,0.7709799311946571,S,2.3166438773844793,temperate,0.7613244075617155,0.2613919451978233,130.08776981334233,23.83824012662415,191.47289015691712,40.53861122019744,3.906891978956745,50.158649383229665
0.7905774489599445,0.9347956254937547,N,2.059510572529919,temperate,0.5870037616702234,0.17344997926683714,126.04389947785947,13.597899762364918,188.1118941390926,26.883160162019006,4.014726373271642,47.19426695245174
0.6548096369769871,0.16146265009577648,N,2.5705786137312137,subtropical,0.9001869024767774,0.3046173896883566,192.83031747317605,2.2074652179151513,232.7338015561657,42.282517349110115,3.561758602261359,59.50872097287058
0.3728154749486877,0.6432816431371647,N,2.8259901695352956,temperate,0.33696506936241016,0.0,104.01901542770628,22.116250381929255,182.12990498857772,13.07157839700427,3.115601640928394,44.66892896994345
0.8299646452760204,0.6170674442284974,W,2.497252704093033,subtropical,1.0,0.3850838440748618,171.22280703391093,0.0,212.44419341794867,13.990671696709283,3.4013584604292304,43.954460164678856
0.7061880875777664,1.029086572947069,E,2.9337802023888835,subtropical,0.5392782222113641,0.06081073677851634,106.14398446648741,3.710297865791083,161.5803094715392,42.53712657034785,3.8421875923115434,50.85148676149127
0.6659786229533471,0.555359238712219,S,2.607609307328719,subtropical,0.7107664384621,0.17514468798460026,181.6169826985948,0.3824235956582327,235.41767812527925,43.16225657656747,2.4871512173647754,49.61530373716162
0.4920849763934626,0.46210739532042416,E,2.7602425888714675,subtropical,0.47751159563468504,0.1403897208113273,128.57458845897207,3.4419578416440526,185.56718283863756,21.015110661287718,3.567972920971052,45.772767914664804
0.3769570151993534,0.7674759254845321,N,1.405387328130547,subtropical,0.507132080410043,0.1128105153519528,88.15351499446733,0.0,141.95646817950643,22.430771044785516,4.585207281156393,40.67032462521112
0.26265412539977456,0.31975598100101527,E,2.5183443053888177,subtropical,0.514034173973675,0.0,142.27084175114837,0.9025996663857438,173.44415015369435,25.83575821921653,3.8448449611849274,44.6189942347457
0.786691557753497,0.16772209314474823,N,1.9921596591492634,temperate,0.9730729390363744,0.44395228026542727,186.4727614199463,14.336116513998181,245.41270274299805,24.565658802355177,3.525470123796656,44.4819296739363
0.49625458839184716,0.573452728828495,W,2.1955868443402955,subtropical,0.4381764705603238,0.0,114.35028177968195,3.6093611664664325,164.0202747056942,16.651582558585883,3.7147638402356877,46.43936929080278
0.3315361871168997,0.500267242313862,N,2.3773843370682424,subtropical,0.4401423838133277,0.049646582878426146,126.26643929876506,4.1449229840693524,181.42517878315917,41.44313843787811,3.452304978613488,50.51316346627221
0.39887180569792413,0.2790839286346484,E,2.9456672100700247,temperate,0.47159076642462433,0.26166094075216223,145.58251844582557,23.277873988509235,210.76788710553006,18.865766024697532,3.247093691012362,35.228557494161166
0.5764927198122324,0.4410141721381536,W,2.9722405465769244,subtropical,0.7814769086605243,0.2738602262126663,136.67546267845958,6.705762338218227,199.54593428861992,34.684534331717806,3.095277185743938,50.38714767567453
0.3149023089105006,0.4396709397914969,S,1.7188108418782295,subtropical,0.4942628276406804,0.054944994246509685,134.61036444303357,0.0,189.65524093033542,12.350448720724051,3.1035329576371327,37.84311392897784
0.756799284660044,0.39299467729505455,E,2.520756295388249,temperate,0.8512063422197895,0.2535052458702618,188.41430943518637,23.189161879257405,255.49710972284836,11.356296603495032,3.4324998504491813,39.67041171471125
0.6930376943928865,0.45535689567231474,S,2.5499703682834833,temperate,0.5694489584085018,0.24704743925347755,179.22223731680012,21.667669126114188,247.76899608108343,32.88056654019222,3.366904018922281,47.892112513550515
0.6676509213681089,0.8228920145471345,W,1.8236871503634877,subtropical,0.5342003458470785,0.1501753771560511,139.84264179170893,0.0,179.05412553168355,21.865555015064114,3.1360772287899708,42.92511001857234
0.4808604758538174,0.3562517694855423,E,1.4229655947555977,subtropical,0.6631071994764856,0.09471960223942848,129.1061050991329,0.0,170.74125469420173,32.941078745200045,4.00443014215853,50.547453243434134
0.607750746456588,1.1386295120584085,S,1.2737045285142956,subtropical,0.5454860379283386,0.0,93.82237599309613,1.6708707360713235,130.2188159713153,13.290742075909062,3.955105103524373,35.717702195305506
0.579663679793278,1.0996176234458135,W,2.5992176295525216,subtropical,0.5255647285272862,0.05480022970267408,85.75403775214235,5.197253163484092,116.02463907855598,43.24479829705522,4.167714564767702,50.746876643959006
0.622400291010633,0.5770925139600943,S,2.0814595352704304,subtropical,0.5308168418442203,0.10781504038536863,153.0493967660702,1.848101331734648,196.16004880914,36.19800634125834,3.5348157101659265,51.53131627585548
0.2548888087409279,0.39403344600562656,E,2.973972305090867,subtropical,0.41561240630989815,0.0,133.33250768887547,8.740678512493979,187.74560844019348,40.669353155902975,3.7954252401079027,49.425486936328085
0.4702748114108962,0.6425217477960038,N,2.0369522211485753,subtropical,0.5796059358598397,0.0,149.88465787908635,5.200131977371685,196.7286084898454,14.776469391557882,3.5028860642492567,36.08416762881323
0.22704921301023012,1.0182725865283495,N,2.9602505623329125,temperate,0.015282041177705208,0.0,118.08552551891646,26.673545523461517,191.44054954691939,21.205633911250427,3.671201526686946,45.48791959427038
0.5210940325089373,0.7831048086721224,W,1.9408368039493078,subtropical,0.4942655849929418,0.14529613623564364,145.4855489907623,4.22612272470438,189.90624337192637,22.892045747222042,3.4838966025713773,47.526102190213436
0.41440978801631045,0.9652701935364929,S,2.6286278710079505,subtropical,0.3570316333415834,0.0,98.53345583267823,9.221498984681256,142.5892859605748,28.80104269143865,3.9919691876846874,46.38543145364644
0.2939407227629305,0.6392667312788882,E,1.3526746901612976,subtropical,0.3167421277512878,0.04710101755423861,116.56639235340992,6.622070651687806,157.6910438607691,20.3903969927595,3.303904306438617,37.2736220016952
0.26721192901965857,0.7595011551211449,E,2.199831078247975,temperate,0.12649238339319588,0.0,112.14541512151547,13.113635453004155,166.26530142475326,12.12207597662918,4.201303672384584,41.96673963074812
0.5819689719155128,0.34578673701895407,S,2.6437076165743036,subtropical,0.6766908679614292,0.24770778843710636,186.9918534680401,0.6721866613345857,244.44145271206585,22.910743325811474,3.1415261702960944,39.184633686065524
0.31088542954897597,0.8818717947723489,S,2.8644630009957996,subtropical,0.24495732400335435,0.0,103.20547221962639,8.370128662292732,152.55393363657487,18.909226011954875,3.8760920241801986,43.490088235326446
0.8013280769449181,0.242885511750862,S,2.680649563111377,subtropical,0.9243395477738042,0.36054158724098984,256.5288615471502,0.35452093002097973,303.3914999575744,23.50724520121252,2.012227584010955,41.74050660625853
0.5776897408052567,0.8337577545821978,E,1.2665473089621135,subtropical,0.48302783858695625,0.025136284817860087,117.72155013987985,0.0,179.33392979734322,16.89358399170092,3.249604157323241,38.27791573937947
0.4254653729476441,1.0328628819910728,S,1.8708642143521215,subtropical,0.28597585469668685,0.10127929978723535,81.86541617069645,0.37023245804231464,131.4415343818015,19.16637310976574,4.182417018684091,41.340819192667226
0.5840950694629209,0.1585234047618527,E,1.2876572501649322,temperate,0.7670258682622222,0.23753918838777005,167.33622762563053,5.287881630732807,212.07664363301964,31.943331915129406,3.397736831424149,47.22744009676998
0.2148225161693034,0.7372556886503038,W,1.3967081240062045,subtropical,0.27069714192234356,0.0,110.54640703083821,0.5258969405797401,152.71810594901672,23.585384210232277,2.9708505303711483,42.50152893293357
0.8230634886069393,0.11411489787592152,N,2.4155501316014716,temperate,0.9764627844611394,0.4531712352470488,205.40265058997085,17.86601098120383,267.66339726862003,22.08841876093222,3.1907521029991255,45.601477339018345
0.5134972340128852,0.8708587539257122,N,2.4838647533610567,temperate,0.4245750324681573,0.04131420575297361,109.82786958771293,18.751469161881264,157.73709007692247,28.686697145283052,3.47360437331498,45.13647072273672
0.708777897712686,0.10139186258822427,E,2.5926972289529275,subtropical,0.9098012790958955,0.24702696115668382,234.81744013451356,1.2076529875630215,273.365800735644,37.0151189295374,3.3799964338195556,52.74662018683043
0.25377449994958506,1.1231277872407512,S,2.7578217865001933,subtropical,0.0,0.0,77.36583405143311,1.0528968656735778,131.5807306905177,23.260378472178502,3.616611666964564,45.147670885801844
0.5163279150448042,0.1648895160453626,S,2.5309766432577177,subtropical,0.7451466031025636,0.22697793243296696,206.29369929483067,10.059949582669391,272.1430203294082,30.56318223945442,2.8827065866303814,45.13260127599285
0.5189595463304386,1.1506562950908965,E,2.6415688657919376,temperate,0.36428884064574424,0.0,90.8096512918325,23.87449733464379,161.40484145776196,43.81709188788617,4.039968675232428,49.929017103657614
0.8095871957337388,0.961061011302116,W,1.2881346776819027,subtropical,0.6954326043324294,0.3020573834112315,95.01093900428316,3.265359986346211,144.70766665743773,28.269303994131775,3.4340355211529623,41.36523270051039
0.5716232340444489,0.7124184053596249,E,1.6221632707943374,subtropical,0.6419732133716926,0.15072130284425178,157.05886370598054,0.0,194.17720410963264,41.842915178114055,3.078765000413099,52.60936560484609
0.50776811068702,0.9391489255554563,N,2.3194159920754425,subtropical,0.2720639332700485,0.0,92.84115105720406,2.2129035518002826,147.50682233793296,37.77854184897494,3.614409334119228,49.0476540978359
0.3735341810097308,0.9541378067797031,N,2.7446255483246818,temperate,0.14432582094714452,0.061377084742058996,63.088553923925105,22.28409573243448,131.46655720154885,12.05515385775524,3.981409555503882,32.70547495891155
0.4155198482726589,1.1352324753807963,W,1.2081002248913864,subtropical,0.2985408046879958,0.0,66.36981018797924,0.0,118.4396536666115,25.01846050142399,3.465800215065184,43.4002395822614
0.5384370616064995,0.30406002460702464,N,2.1263328158094295,subtropical,0.6776029984231097,0.2041066872514637,141.21838958264507,0.0,195.58824525333594,34.44114427540058,2.81516904598997,46.073355622395376
0.4852924491982803,0.708091074429971,W,2.419117318855915,subtropical,0.502545483683317,0.23170102917980523,126.89265953576758,0.0,165.46031740843193,44.534916935686994,3.803956354981999,57.540999550786786
0.2140478519222148,0.11405903707728146,E,1.2532931204315036,temperate,0.41575223773914916,0.09625243014040495,111.29310989185652,0.0,150.7653379319725,26.04317019065294,3.464909528690975,40.30893224058125
0.7370897507263325,0.7393988400289455,N,1.9224400035960982,subtropical,0.757739475582763,0.18133306488247672,129.9552496233778,0.0,184.04505202379056,13.247490894435881,3.418071019219501,35.9749439585722
0.7825045016958483,0.20554956491134657,E,2.8121427864906545,subtropical,1.0,0.31588859717755347,233.8176581099001,7.780366889775267,276.46992311656174,29.670321114950372,2.2172349563641607,50.19803737529725
0.291161907849097,0.6779407337669302,S,2.4089030559405455,temperate,0.3634850437618839,0.0033048643314905965,113.35809913600465,19.591334280054575,188.4833690734986,14.42973272433861,3.1702679086139045,44.842182562127334
0.560123493300382,0.6869166168406197,E,1.627785054049075,temperate,0.5428240514037603,0.14012117364894267,130.4738122097948,12.660682043650574,181.89974025781916,36.30318460977877,3.4697631334045402,47.286325027734584
0.2705742317380383,0.5591821835774727,W,2.735006033337443,subtropical,0.17918789330296678,0.03223558357385617,120.75425399171169,4.876460400711256,178.9331915533266,27.768694911162225,3.6791145452214806,44.21122049603816
0.6369560604758776,0.6271581306157473,S,1.8264565621371258,subtropical,0.7152940053557485,0.09897948576760031,168.01825769141826,4.083235257633442,218.1438141591061,35.32009789320503,3.0448096917211567,50.97674534694195
0.3828019594953554,0.9167080680079055,E,2.736020408059307,temperate,0.4214122330404603,0.0,58.95613997165133,21.601594726916574,123.02318397739977,40.42766394074833,4.548743510086452,44.189766185463405
0.6286247125497361,0.9590936598144799,S,1.7380985720140298,temperate,0.5816441333184129,0.05243159109703989,100.57936390657869,11.90523287077443,159.77681203896606,32.0131806006972,3.494475261448461,42.221691186762214
0.6725464992864737,0.5905838586905149,W,2.262576451589668,subtropical,0.6282161046267456,0.13604747150167,119.65440213511476,4.83755325056134,173.5178986749734,31.435376523861354,3.3544711127702804,46.73195040699241
0.699620869746477,0.7195121298271347,E,1.9144921219461013,subtropical,0.7317330888257527,0.05119285130648711,142.2782913150719,0.1904915793857338,196.5861122302264,36.409960340387094,4.068591102703331,54.213655834542216
0.27003161487133276,1.1174834828281222,N,1.6946850913591207,temperate,0.22075161103127236,0.0,83.04166659102539,11.40421239087619,126.41958444913911,39.485925050843356,3.8951053443530212,49.48717975583712
0.7954076993394451,0.14368030620134736,E,2.7958036119093648,temperate,1.0,0.1862190775721555,229.75149832614701,26.839813842455605,304.116485711425,40.41688251969509,2.5435061048540395,51.4695633830835
0.34963909408167254,0.1405242790801326,W,1.5376686274910845,temperate,0.4954028930572222,0.21657706017778094,161.9897037970439,5.878702921484933,219.18185306824407,11.275056848900915,3.0378863732507266,42.9113905572524
0.22431816151451686,0.10525081429292209,N,1.3526608642243736,subtropical,0.4469321935970114,0.05355309992480169,124.16935143700142,0.0,167.93602904798163,29.466660387922627,4.060759665966714,53.107318355003486
0.5606541051044641,0.7894359420486333,W,1.8154684893821886,subtropical,0.5880678789684725,0.2261887037432581,115.3040023228711,0.0,162.938017435966,17.5694258429143,4.104175482142064,40.29722491772078
0.44109948451058517,0.5023299609484554,S,2.4917504657548215,temperate,0.5257668554426198,0.05242827146397517,143.8828120510851,21.144023146331886,199.63105737011983,40.11210617736242,3.0958342515352415,50.99433229974469
0.7393633330360685,0.9291856993702119,S,2.653376890757307,temperate,0.5508257967887854,0.18065286049892582,106.38039649224888,24.128306076970244,168.3846412965934,32.693918982117644,3.542109511823588,53.54373325687559
0.7253634568417962,0.805477695970311,E,2.997738066120177,temperate,0.7040792203701439,0.12555348517287127,124.57007864164879,25.590755434308733,195.0285986765778,24.707786766135335,3.505886192872105,40.31651688087985
0.40614028033476496,0.4003653099938858,W,1.7334517026200968,subtropical,0.5716913245086418,0.16236741346484648,160.26749620945736,1.6200045994804992,208.6938357111817,16.583647984247296,2.91462288090953,44.716202405360384
0.8193846067953342,1.078039856833843,N,1.934295512036308,subtropical,0.6671692279304361,0.1861964991608851,86.44893932441957,3.6736316836917027,140.70900510832598,21.865826907193927,3.824802178051536,40.69138416579379
0.3890965947910771,0.9150385764847827,E,1.4462783004533273,temperate,0.34749022771669097,0.0,111.78062896748347,8.102468350342484,154.7903455280885,34.63221930890786,3.672034373563402,49.16030482487261
0.5347871340006144,0.32464192909221085,E,2.2347694733214603,subtropical,0.6469872732834208,0.276464735732547,178.01710086339338,7.2486562543425315,245.03115033291465,17.15258408240736,3.33349116392181,41.13317649076212
0.36637730886894176,0.4370304213264648,E,2.995644067073251,temperate,0.5950412453750697,0.0,106.3745777615397,31.769959435619644,182.91155900036063,13.275403086843045,4.016331035131078,37.436126432633536
0.8084283205318261,0.37732797624511544,E,2.4615858182171855,subtropical,0.8234653220958389,0.3550046108236401,219.45984410190454,0.06545591998645683,263.06532233106486,41.081006537964285,2.7258300976067837,48.48309683221089
0.3069950814283118,0.1891339783499996,N,2.2713831127440693,temperate,0.4631130198418785,0.18591827910359982,136.09810246898223,22.850122207031042,195.02796975838004,36.74736223530409,3.212617658114283,50.5281879868829
0.22919190260501385,0.17734004705062997,N,1.9062643672592292,temperate,0.44508253695899397,0.12565653166079543,114.70721556461025,11.094771627962064,164.6537456284859,16.99282257303464,3.794362290704425,44.783747013701905
0.4828130890019746,1.1233529560508928,N,2.8475377685139986,subtropical,0.4116745677000362,0.08185690227465109,72.38420010407211,7.014447751242679,114.18724122315193,20.230904020049707,3.7713910221180966,42.70315299845438
0.845044116636294,0.5254848446385039,S,2.094449873034629,subtropical,0.7568301557416253,0.24605366537355775,184.70825091224202,2.5023046115259877,230.01188102442524,44.022456199581,3.3477895325961735,52.819321956032056
0.779590223065694,0.4599837873328918,E,1.4418604439635108,subtropical,0.7358131352113774,0.18044754637837718,176.08879773839877,0.0,216.3804481656148,34.78645703656911,3.253363742757819,50.628105013500786
0.686595212647017,0.8756228504128535,S,1.8576812337584403,subtropical,0.4484494131190392,0.03539370315239376,136.72261441729768,0.0,173.00657321935458,31.368270147483866,3.220951967701394,44.63245173995467
0.779015119071041,0.6635916783034799,S,1.3209000039259804,subtropical,0.7714721377779807,0.2822162173219036,150.8997125926659,0.15919647759551425,205.09080690868186,20.76699698984456,2.9897126257641244,45.52587632117659
0.780740315803611,1.1233679842061546,S,1.5635622678398067,subtropical,0.5200230243745723,0.13223061317169005,100.48931644642698,0.0,150.71710876314984,20.469380045828277,4.220186058910248,45.645781309510554
0.5372579342511918,0.9363617926912706,S,1.231803805799842,temperate,0.4250415045826947,0.022763858802567597,83.03177680963321,6.1471509887261035,141.22075938510386,11.383326654158067,3.7545766088068344,47.36420955791446
0.40535388369001546,0.5752434769494484,S,2.015903849700294,subtropical,0.5163935335800436,0.0,129.71977647488455,6.6837760557883605,177.4440831896033,35.4968653415676,4.164407387495609,48.07043356494829
0.7018080808721422,0.45163136817699145,S,2.342172476913235,subtropical,0.7222328762603533,0.31185441749290566,192.7056777331721,0.4278292336277225,226.80710985842828,11.511132876990958,2.9208120633935337,38.230207745792
0.6300798210590447,1.1839578539091864,S,1.8179264322820339,subtropical,0.4711891519043942,0.0,126.14341063788602,2.6235577353500843,186.57565313888557,10.170006822204765,3.5920300864275747,41.374900343603144
0.4428775237679115,0.8613122832043721,S,1.9566871887094988,subtropical,0.37318343964945233,0.07790491970119168,86.83272309088255,0.0,137.4778825301297,35.532328075134274,4.606990412814184,51.67024373679013
0.2614033342399849,1.1414335920046093,E,2.9265766911202364,subtropical,0.18953038882208814,0.02993683008179815,109.30299548963904,2.160356860942128,160.17034339444427,43.21058150021939,3.1413143444482925,50.678971139957625
0.6854132473768668,0.14217429266044962,N,2.553533618834848,subtropical,0.9051211655958635,0.3636410899848659,202.3300427341159,5.585904711149295,250.29711261562008,36.47760667045587,2.3219119604782295,48.3815546373922
0.370599335349862,1.020640415028939,W,2.173541946500912,subtropical,0.22096056086077834,0.0,100.19667404772603,2.348823302121678,142.46834678185337,26.507406671853253,4.143136108212172,47.22635518339542
0.8089285478469564,0.7644886607894491,E,1.7121735752012854,subtropical,0.7469725215139175,0.17613532156734663,146.71814756070796,6.7145086337157345,207.49960727461354,27.011583734630555,3.075508742726724,43.32188077164824
0.35663087375369507,0.14630601400213508,S,2.8145942377913915,temperate,0.6532601532952178,0.007438110676946497,155.34795562156648,23.957621892970717,218.12780783349763,25.264774792718686,3.3344797243981055,43.874307953042425
0.2797926560674659,0.7059095999630648,N,1.623174810385187,subtropical,0.33621518009397444,0.0,100.04374090650586,4.3066760992323605,150.06287203163356,21.362528348861677,3.4961547581452614,43.813789641649976
0.740223236881189,0.8233156381265385,E,1.7856169149300187,subtropical,0.566283475228691,0.07269646955879248,157.29183149812567,1.9420357602263851,208.12756710813238,28.259997496504408,3.4177189929153617,49.29181505306854
0.2996348058059211,0.014763223066323404,S,2.8363166659613075,temperate,0.6169536420458264,0.04460981016015833,135.4272428039921,28.095767352691006,223.89485292683406,25.090283499939027,2.9150988221857026,43.22231755143699
0.31652440030253043,0.5451815542100958,S,2.15317569951313,temperate,0.30728956650384476,0.14832274926301495,137.52401955825994,14.80298682119398,201.03806786096487,30.935875801427116,3.10926424177132,41.84719693447883
0.5895988144885482,0.9904794134355853,S,2.536172308952358,subtropical,0.5969721839341191,0.048964525380087824,94.44628486173141,3.077285336145204,139.42850617350683,41.434202817538306,4.065915457501142,45.82388872446069
0.7684653265443518,0.35443083041290785,E,2.263340629494779,subtropical,0.9494959104326808,0.3467016869246399,198.04374123558338,2.306518684042231,252.84333377452356,44.82532960633336,2.6513515850201803,49.15189264241494
0.3276825327144726,0.5502576981582613,W,2.376190576217091,subtropical,0.4255149231611059,0.04042629432978159,101.68969565152827,0.38182886551853024,159.27093194224506,12.756015145902099,3.4078136819517946,36.16290290376103
0.4017103873850616,0.5307769524814718,S,1.738889924726686,subtropical,0.4883460427529358,0.047877940721867455,144.86956360410278,3.5379134456712986,190.04166308672941,23.46392154314695,3.3175757706931326,43.921736341399054
