timestamp,condition,occupancy_count,dwell_time_mean_min,dwell_time_std_min,temp_c,humidity_pct
2025-03-01 09:00:00,A,20,6.10716778292286,1.0619418561826037,23.251760432497026,60.48786673589686
2025-03-01 09:10:00,B,23,5.890765976572471,1.4229591790331861,24.040988580924925,59.929470175828335
2025-03-01 09:20:00,A,20,5.857668211346767,1.1752564883948085,23.506793342191113,60.286228720571614
2025-03-01 09:30:00,B,21,4.202704448511534,1.2243163111233797,23.34338142107915,60.02366619536239
2025-03-01 09:40:00,A,21,4.64231103537233,1.1127849958198375,22.576206495656137,63.682109040275826
2025-03-01 09:50:00,B,22,7.035407759026505,1.546370924095886,23.715865440803633,57.71279488013905
2025-03-01 10:00:00,A,24,3.4457195498134263,1.1935582298869516,22.64971418998318,56.58454133986719
2025-03-01 10:10:00,B,30,7.6159302257773955,0.5398752982553814,23.017966289296247,57.56851559176091
2025-03-01 10:20:00,A,23,3.9046842295513096,0.9923782348576528,24.24721920448649,56.80049911431202
2025-03-01 10:30:00,B,25,7.508086203197121,0.6093610178759271,24.268148147018977,60.82624944184036
2025-03-01 10:40:00,A,27,4.985403560544811,0.22456847535103852,23.932641802028215,60.82087996085768
2025-03-01 10:50:00,B,29,7.534789301210953,1.0409653950683064,23.24237803896004,57.09119393178126
2025-03-01 11:00:00,A,27,6.1571414491017595,1.600067955030817,23.998423019529852,56.05311903708676
2025-03-01 11:10:00,B,26,4.755798071650213,1.2141359718391778,23.928141513316618,57.93163339899116
2025-03-01 11:20:00,A,27,7.498978499470145,0.8482362877785061,24.66581166035822,61.2184311855991
2025-03-01 11:30:00,B,31,8.330048586627134,0.9177900395392733,25.552381747193706,52.58041340018295
2025-03-01 11:40:00,A,23,5.9210341127997514,1.5391839690750024,24.604139322894056,59.045317211351374
2025-03-01 11:50:00,B,28,6.271300473393215,1.2472879870195395,24.17400740092,55.60297445236334
2025-03-01 12:00:00,A,22,5.808159640835236,1.214399772468617,24.04201787666671,59.58835142289928
2025-03-01 12:10:00,B,25,5.429817212665505,1.1839614633485829,24.658341619070303,55.09644497699124
2025-03-01 12:20:00,A,22,7.318304111708301,1.2115200784666038,24.652387012395643,56.41854147539293
2025-03-01 12:30:00,B,28,5.948529681923776,1.4416216940831394,24.21456700294639,53.70718639189052
2025-03-01 12:40:00,A,23,5.938571504769988,1.3657701892068226,24.893057212820406,54.489800822160156
2025-03-01 12:50:00,B,29,5.648044316156348,1.2647114100073482,24.2988617080535,58.93569607815021
2025-03-01 13:00:00,A,26,5.248712280335764,0.8871394927229967,25.464586916563896,57.52095090950264
2025-03-01 13:10:00,B,26,5.066729818018596,1.353332629472918,25.468753971021656,54.78926607155716
2025-03-01 13:20:00,A,17,7.508483176457271,0.9947258766022518,25.50329972701478,53.5630680272698
2025-03-01 13:30:00,B,24,6.415094912152783,1.5281537027701435,24.741928838144975,51.22558568077609
2025-03-01 13:40:00,A,24,7.159105942474571,0.8186847534827617,25.24872863424911,53.935629201618184
2025-03-01 13:50:00,B,25,6.615989516295912,1.1587137071173235,24.932397299638897,54.371813118681644
2025-03-01 14:00:00,A,18,5.166715766756527,1.1977925141126187,24.80541973264358,53.97809792389634
2025-03-01 14:10:00,B,22,6.207977687997297,0.8026063348067589,24.826072772784975,53.67408906587015
2025-03-01 14:20:00,A,18,5.3277227393965205,1.7165914931569435,24.33604558062627,51.33735875562573
2025-03-01 14:30:00,B,19,6.609550919021896,1.6381220301778656,24.248693916531437,53.17252072736738
2025-03-01 14:40:00,A,23,5.5496797923876535,1.060924871517275,25.34701321980167,52.95752808266017
2025-03-01 14:50:00,B,18,6.2400939408698415,1.4315163496693568,24.828033584385878,55.35243229672366
2025-03-01 15:00:00,A,18,4.345710379036904,1.3136028209010635,25.0002976127362,56.24872437660485
2025-03-01 15:10:00,B,21,5.631784886854655,0.4159321609964225,25.356100701450956,51.99360801395537
2025-03-01 15:20:00,A,15,7.984869058560516,1.275119404883277,23.94666867778759,50.49651734626926
2025-03-01 15:30:00,B,17,5.794520140497939,1.1815967760500254,24.374105495506353,51.67072690415919
2025-03-01 15:40:00,A,16,4.735087454851809,1.224965206042359,24.801850927216744,50.36779962935838
2025-03-01 15:50:00,B,16,7.004791599090037,0.8769375240518464,24.853466135006425,49.89204864824269
2025-03-01 16:00:00,A,10,7.688726639467839,1.1191958861338784,24.40749722935993,51.0657082824502
2025-03-01 16:10:00,B,15,4.85517083702255,1.1465223709853107,25.04479134951154,48.91536415651492
2025-03-01 16:20:00,A,17,5.749773782098475,1.5564282651636956,24.56530153449696,52.04663358993501
2025-03-01 16:30:00,B,10,5.841536935278111,1.3003281181173043,23.779245755678563,50.47308373685976
2025-03-01 16:40:00,A,15,3.8867766308071166,1.1983334909392007,23.84252484259861,51.04199154456234
2025-03-01 16:50:00,B,14,7.481912051110069,1.658690999373282,24.628966795702386,50.05218885269068
2025-03-01 17:00:00,A,10,5.971867297734186,1.0334256210709059,24.37305380207434,48.8551057731025
2025-03-01 17:10:00,B,19,6.6857302131511265,1.0831709085373846,23.103333706251412,48.32105878300009
2025-03-01 17:20:00,A,14,5.097226233065293,0.6549734965982821,24.635512207879923,49.66591902170018
2025-03-01 17:30:00,B,9,7.1457409955963,1.6707317538850837,24.16678099378206,48.982831382151225
2025-03-01 17:40:00,A,12,5.352843180615215,1.4892997104583285,24.443131770767806,50.50462638945524
2025-03-01 17:50:00,B,15,6.428516149803887,1.4750544133535122,23.481152436907934,50.00116941362103
2025-03-01 18:00:00,A,11,4.670087049382184,1.4006695339340811,23.424816587578064,47.275456199666664
2025-03-01 18:10:00,B,16,5.140676687750165,1.2330445762990956,22.90751184350603,50.14121054724903
2025-03-01 18:20:00,A,12,7.602638226360027,1.2646466817546986,24.635963820699086,47.344983481242124
2025-03-01 18:30:00,B,16,5.991474354553829,1.1243980229198076,23.175506286955212,48.838243499182894
2025-03-01 18:40:00,A,17,6.350016427626962,1.138919872283116,23.95200068102782,49.53960747375751
2025-03-01 18:50:00,B,13,6.559451478279152,1.2162910835141083,22.729147517846034,46.05131297224094
2025-03-01 19:00:00,A,15,5.470625756685379,1.6535488534691332,23.029126852626877,50.47460013664891
2025-03-01 19:10:00,B,15,5.990446835595336,1.3667063705424236,22.006089671728112,50.69915594617912
2025-03-01 19:20:00,A,16,6.756099109734703,1.1824619622723416,22.545333025957827,50.20226702791551
2025-03-01 19:30:00,B,14,6.237758874559308,1.026182384866981,23.124378418566874,49.80592072352917
2025-03-01 19:40:00,A,15,5.818267622194449,1.0095004537765022,21.903387706331067,50.05824204293479
2025-03-01 19:50:00,B,18,6.626665868633375,1.6808115033517468,22.96344407422308,49.01740989803071
2025-03-01 20:00:00,A,21,7.411809984302401,1.3520061912681312,22.49561603047875,50.609716378997454
2025-03-01 20:10:00,B,24,7.416613169559765,1.2202651674931964,21.706564260588312,50.23550821355239
2025-03-01 20:20:00,A,16,6.459120321273591,1.0961454473541832,21.881433886052047,51.728057540440474
2025-03-01 20:30:00,B,19,5.92371432797611,0.8672839764898417,21.808811105698574,49.35202194100477
2025-03-01 20:40:00,A,23,4.341637535992241,1.1799415327590312,21.92237600527404,52.458006636126
2025-03-01 20:50:00,B,17,7.739435918082362,1.4620974103410602,21.590789943182145,52.50995869473787
2025-03-01 21:00:00,A,21,7.159736561065051,1.082238825948753,21.36012478414266,52.186452515972995
2025-03-01 21:10:00,B,24,6.431149921051992,1.131827225099832,21.539799418148657,51.845759205102325
2025-03-01 21:20:00,A,27,6.650260609924222,1.1336896945683064,21.100618305602982,54.09111414371227
2025-03-01 21:30:00,B,28,7.537731664662486,1.2328783103994505,20.895132648596324,49.92628684536644
2025-03-01 21:40:00,A,24,6.997421343197978,0.7220967363763173,21.445710025583704,54.45133588484986
2025-03-01 21:50:00,B,26,7.705660167895765,1.1293804944104726,21.845402658216805,54.29639895716765
2025-03-01 22:00:00,A,25,5.45325881920664,0.9436813445537786,20.57789540576768,54.660983397123346
2025-03-01 22:10:00,B,32,8.417967579197661,1.4653755097687815,21.287570570247773,55.14781732998451
2025-03-01 22:20:00,A,25,4.50408833005715,0.968820397030542,20.90885137018505,53.362951484640824
2025-03-01 22:30:00,B,28,7.634067692392378,1.3731140241902087,20.69819235613703,54.44148038998898
2025-03-01 22:40:00,A,28,6.592718494836911,1.6573312358180279,21.571473319133414,56.52481092005184
2025-03-01 22:50:00,B,29,7.648342936229403,1.1059211216155123,20.848829968282278,56.401421074931086
2025-03-01 23:00:00,A,27,8.254809968516085,1.0195271243629602,21.825499555186802,56.24119491180595
2025-03-01 23:10:00,B,26,8.381334568054378,1.2574296777378278,20.660224493563156,53.08396417954232
2025-03-01 23:20:00,A,27,4.62578771137281,1.1993912917172913,21.22262523233392,57.46946212666518
2025-03-01 23:30:00,B,28,4.573594103678571,0.9019150957980866,20.900455279578054,59.00901314297173
2025-03-01 23:40:00,A,31,6.980266870864556,1.3382758247140139,20.627343494080808,58.96016538863863
2025-03-01 23:50:00,B,30,5.381985100948892,1.8046548160426223,21.294011757944055,57.67278466463289
2025-03-02 00:00:00,A,27,5.985113533622984,1.1225664014202827,20.924076661214023,54.34644145701332
2025-03-02 00:10:00,B,30,7.607672972406233,1.139137141180601,21.310136937766757,59.59535641081829
2025-03-02 00:20:00,A,25,4.027443178577297,0.8865203929292742,20.997400172942264,57.65508573345538
2025-03-02 00:30:00,B,30,4.068023454828625,1.2957265355059642,20.49616777798271,53.11393694973314
2025-03-02 00:40:00,A,25,6.311158824404672,0.8259071325877115,21.01153671027797,59.15205175798351
2025-03-02 00:50:00,B,28,6.653263067535956,0.8679206926945549,21.117444304058825,55.620496164027045
2025-03-02 01:00:00,A,20,5.705036314341693,1.5839001815531368,21.604913008231666,56.20700466613961
2025-03-02 01:10:00,B,26,6.646241716524261,0.9283640821816067,20.7119859013581,57.71219969771611
2025-03-02 01:20:00,A,17,4.967381271159264,1.5244072707994014,21.190008490656222,61.69610250984352
2025-03-02 01:30:00,B,17,4.7838067112734715,1.657307401134842,20.39827702573254,58.56403387596992
2025-03-02 01:40:00,A,20,5.800014178943614,1.2777979372430228,21.63935777071722,59.98799189822334
2025-03-02 01:50:00,B,19,5.4339495707407295,1.366017420855247,20.83196487086136,63.06723541349767
2025-03-02 02:00:00,A,20,4.027822413106672,1.7856752831060334,20.533157274522136,62.86923387851027
2025-03-02 02:10:00,B,27,7.2068172856719315,1.140981479380285,21.474717503945904,59.5685559592265
2025-03-02 02:20:00,A,16,5.926321645893389,1.0220982609175153,22.129325998351483,59.37020545836594
2025-03-02 02:30:00,B,17,7.087834243959376,0.7940306805651174,20.89038523860095,57.39312423024041
2025-03-02 02:40:00,A,17,4.812846070288876,1.2125121241039039,21.188471534881156,58.5709928345626
2025-03-02 02:50:00,B,19,5.8103294497960105,1.6437432632754918,21.444265276498083,60.83894275007576
2025-03-02 03:00:00,A,15,4.801148367335801,1.4878786144202596,21.33786808479285,60.79118274351377
2025-03-02 03:10:00,B,16,5.536029759530342,0.9173726275746128,22.182102642964633,60.214832175002954
2025-03-02 03:20:00,A,16,6.234489501299283,0.9433873848502212,21.681285660527113,61.96175094248044
2025-03-02 03:30:00,B,17,5.660430460398064,1.0487486311977108,21.81934305351779,58.388435830746175
2025-03-02 03:40:00,A,10,6.427279546584329,1.2876804247486024,22.56916936696685,59.765406799535256
2025-03-02 03:50:00,B,14,7.007707110501859,1.1384065718688947,21.999189288648875,61.267985095266184
2025-03-02 04:00:00,A,12,8.430193184256122,1.2643361836329243,22.694503151094327,60.885524516383235
2025-03-02 04:10:00,B,10,4.928653144959828,1.2890218134136342,22.095041606721885,61.75494981113325
2025-03-02 04:20:00,A,13,7.065482853402054,1.1103679239964657,22.07845459501748,60.28736790885036
2025-03-02 04:30:00,B,11,6.4926144457338975,1.187947817519117,21.87146815559884,58.739637871786755
2025-03-02 04:40:00,A,14,5.983164323842804,1.2619777131648102,23.825050699194936,59.93324531589857
2025-03-02 04:50:00,B,14,4.860163413712066,1.174809088940047,22.8398704839345,57.039894579106516
